base,quote,symbol
METAL,USDT,METALUSDT
RARI,USDT,RARIUSDT
PYTH,USDT,PYTHUSDT
AO,USDT,AOUSDT
AMPED,USDT,AMPEDUSDT
索拉拉,USDT,索拉拉USDT
BNT,USDT,BNTUSDT
NTX,USDT,NTXUSDT
DEVVE,USDT,DEVVEUSDT
DAM,USDT,DAMUSDT
SBETON,USDT,SBETONUSDT
INIT,USDC,INITUSDC
NAKA,USDC,NAKAUSDC
HTR,USDT,HTRUSDT
NOS,USDT,NOSUSDT
VOXEL,USDT,VOXELUSDT
CARFI,USDT,CARFIUSDT
DEFI,USDT,DEFIUSDT
TURBO,USDC,TURBOUSDC
BAN,USDT,BANUSDT
PALMAI,USDT,PALMAIUSDT
2MOON,USDT,2MOONUSDT
F3,USDT,F3USDT
MANEKI,USDT,MANEKIUSDT
HBAR,USDT,HBARUSDT
AR,USDT,ARUSDT
S,USDC,SUSDC
SNT,USDT,SNTUSDT
BAKE,USDT,BAKEUSDT
ALKIMI,USDT,ALKIMIUSDT
IXS,USDT,IXSUSDT
GALAXIS,USDT,GALAXISUSDT
ROAM,USDT,ROAMUSDT
SNPT,USDT,SNPTUSDT
UNILAPSE,USDT,UNILAPSEUSDT
BTR,USDT,BTRUSDT
JDON,USDT,JDONUSDT
HANDY,USDT,HANDYUSDT
MYTH,USDT,MYTHUSDT
PIPPIN,USDT,PIPPINUSDT
SN64,USDT,SN64USDT
DONKEY,USDT,DONKEYUSDT
U,USDT,UUSDT
PPC,USDT,PPCUSDT
MAIV,USDT,MAIVUSDT
PUMP,USDC,PUMPUSDC
CHILLGUY,USDT,CHILLGUYUSDT
RICH,USDT,RICHUSDT
TSLAON,USDT,TSLAONUSDT
SOULLAYER,USDT,SOULLAYERUSDT
NAM,USDT,NAMUSDT
DF,USDT,DFUSDT
BOSON,USDT,BOSONUSDT
TATSU,USDT,TATSUUSDT
UBX,USDT,UBXUSDT
TLTON,USDT,TLTONUSDT
NFT,USDT,NFTUSDT
VELVET,USDC,VELVETUSDC
MTT,USDT,MTTUSDT
ALEO,USDT,ALEOUSDT
TLOS,USDT,TLOSUSDT
XTM,USDT,XTMUSDT
PURR,USDT,PURRUSDT
RITE,USDT,RITEUSDT
CREPE1,USDT,CREPE1USDT
ARIAIP,USDT,ARIAIPUSDT
METAX,USDT,METAXUSDT
BGEO,USDT,BGEOUSDT
INSP,USDT,INSPUSDT
OPENX,USDT,OPENXUSDT
GHT,USDT,GHTUSDT
PIXFI,USDT,PIXFIUSDT
SIX,USDT,SIXUSDT
IQ,USDT,IQUSDT
BNBTIGER,USDT,BNBTIGERUSDT
GRIFFAIN,USDT,GRIFFAINUSDT
NTRN,USDT,NTRNUSDT
UCN,USDT,UCNUSDT
RZTO,USDT,RZTOUSDT
H,USDC,HUSDC
WALLET,USDT,WALLETUSDT
Q,USDT,QUSDT
GHIBLI,USDT,GHIBLIUSDT
VISTA,USDT,VISTAUSDT
RBC,USDT,RBCUSDT
NTMPI,USDT,NTMPIUSDT
TRUTH,USDT,TRUTHUSDT
SEED,USDT,SEEDUSDT
JUMP,USDT,JUMPUSDT
RENTA,USDT,RENTAUSDT
TXT,USDT,TXTUSDT
MUBI,USDT,MUBIUSDT
XMR,USDT,XMRUSDT
L3,USDT,L3USDT
BAL,USDT,BALUSDT
AIBOT,USDT,AIBOTUSDT
ASP,USDT,ASPUSDT
RSR,USDT,RSRUSDT
NS,USDT,NSUSDT
FLZ,USDT,FLZUSDT
MAPO,USDT,MAPOUSDT
RAY,USDT,RAYUSDT
RZR,USDT,RZRUSDT
BIO,USDT,BIOUSDT
AIDOGE,USDT,AIDOGEUSDT
SOL,USDT,SOLUSDT
IMGN,USDT,IMGNUSDT
ASS,USDT,ASSUSDT
NAP,USDT,NAPUSDT
PLENA,USDT,PLENAUSDT
QLINDO,USDT,QLINDOUSDT
EIGEN,USDT,EIGENUSDT
GHIBLI,USDC,GHIBLIUSDC
LOT,USDT,LOTUSDT
XEN,USDT,XENUSDT
PNIC,USDT,PNICUSDT
PELL,USDT,PELLUSDT
NPC,USDC,NPCUSDC
DOVU,USDT,DOVUUSDT
ARIA,USDT,ARIAUSDT
INJ,USDT,INJUSDT
LABUBU,USDT,LABUBUUSDT
ARCH,USDT,ARCHUSDT
CROWN2,USDT,CROWN2USDT
RVF,USDT,RVFUSDT
PXP,USDT,PXPUSDT
GEL,USDT,GELUSDT
NODE,USDC,NODEUSDC
JUSTICE,USDT,JUSTICEUSDT
WCT,USDC,WCTUSDC
FNTIO,USDT,FNTIOUSDT
WBTC,USDC,WBTCUSDC
FIO,USDT,FIOUSDT
HIFI,USDT,HIFIUSDT
SATS,USDT,SATSUSDT
SOPH,USDT,SOPHUSDT
PORTUMA,USDT,PORTUMAUSDT
TALE,USDT,TALEUSDT
ISLAND,USDT,ISLANDUSDT
BNBHOLDER,USDT,BNBHOLDERUSDT
DON,USDT,DONUSDT
MELANIA,USDT,MELANIAUSDT
修仙,USDT,修仙USDT
XAN,USDC,XANUSDC
NAVX,USDT,NAVXUSDT
PAWS,USDT,PAWSUSDT
ANOME,USDT,ANOMEUSDT
EUR,USDT,EURUSDT
RLC,USDT,RLCUSDT
DOBO,USDT,DOBOUSDT
OBORTECH,USDT,OBORTECHUSDT
ONDO,USDT,ONDOUSDT
BDX,USDT,BDXUSDT
PEPE,USDT,PEPEUSDT
GSYS,USDT,GSYSUSDT
SERV,USDT,SERVUSDT
DKA,USDT,DKAUSDT
VSN,USDT,VSNUSDT
KANG,USDT,KANGUSDT
SABAI,USDT,SABAIUSDT
UAI,USDT,UAIUSDT
STOOS,USDT,STOOSUSDT
SYND,USDT,SYNDUSDT
GOAT,USDT,GOATUSDT
XL1,USDT,XL1USDT
OBT,USDC,OBTUSDC
BOND,USDT,BONDUSDT
GPS,USDT,GPSUSDT
WLFI,USDT,WLFIUSDT
MUON,USDT,MUONUSDT
IO,USDT,IOUSDT
OKM,USDT,OKMUSDT
TRX,USDC,TRXUSDC
FLUX,USDT,FLUXUSDT
TEAFI,USDT,TEAFIUSDT
CRV,USDT,CRVUSDT
ELA,USDT,ELAUSDT
RENDER,USDC,RENDERUSDC
BICO,USDT,BICOUSDT
VSYS,USDT,VSYSUSDT
TFI,USDT,TFIUSDT
ACS,USDT,ACSUSDT
AMZNX,USDT,AMZNXUSDT
TMX,USDT,TMXUSDT
BURNR,USDT,BURNRUSDT
CATI,USDT,CATIUSDT
TBC,USDT,TBCUSDT
ATR,USDT,ATRUSDT
VELO,USDT,VELOUSDT
GARI,USDT,GARIUSDT
LPT,USDT,LPTUSDT
MONG,USDT,MONGUSDT
VEE,USDT,VEEUSDT
MOG,USDT,MOGUSDT
FLOCK,USDC,FLOCKUSDC
ROG,USDT,ROGUSDT
OHO,USDT,OHOUSDT
TAG,USDT,TAGUSDT
ORAI,USDT,ORAIUSDT
SUPERDAPP,USDT,SUPERDAPPUSDT
TIA,USDC,TIAUSDC
MAT,USDT,MATUSDT
BLUM,USDT,BLUMUSDT
AVGOON,USDT,AVGOONUSDT
RIZO,USDT,RIZOUSDT
EDWIN,USDT,EDWINUSDT
LINEA,USDC,LINEAUSDC
LTC,USDC,LTCUSDC
FASTER,USDT,FASTERUSDT
JSK,USDT,JSKUSDT
FORT,USDT,FORTUSDT
EGO,USDT,EGOUSDT
GOATED,USDT,GOATEDUSDT
TIMI,USDT,TIMIUSDT
SEDA,USDT,SEDAUSDT
BDXN,USDC,BDXNUSDC
ENA,USDC,ENAUSDC
PAAL,USDT,PAALUSDT
ZKJ,USDT,ZKJUSDT
BROAK,USDT,BROAKUSDT
LGCT,USDT,LGCTUSDT
HIMSON,USDT,HIMSONUSDT
SCRT,USDT,SCRTUSDT
FOREST,USDT,FORESTUSDT
IAUON,USDT,IAUONUSDT
ELIZAOS,USDT,ELIZAOSUSDT
HAROLD,USDT,HAROLDUSDT
DC,USDT,DCUSDT
PENG,USDT,PENGUSDT
XX,USDT,XXUSDT
SAL,USDT,SALUSDT
LTT,USDT,LTTUSDT
SXT,USDT,SXTUSDT
APE,USDT,APEUSDT
MITO,USDT,MITOUSDT
SOEX,USDT,SOEXUSDT
ETHEREX,USDT,ETHEREXUSDT
ORCLON,USDT,ORCLONUSDT
QTLX,USDT,QTLXUSDT
SVSA,USDT,SVSAUSDT
FAR,USDT,FARUSDT
MERL,USDT,MERLUSDT
DEXTF,USDT,DEXTFUSDT
VADER,USDT,VADERUSDT
TROLLSOL,USDT,TROLLSOLUSDT
UNITE,USDT,UNITEUSDT
PYTHIA,USDT,PYTHIAUSDT
DST,USDT,DSTUSDT
RICE,USDT,RICEUSDT
PKR,USDT,PKRUSDT
TROLL,USDT,TROLLUSDT
XRB,USDT,XRBUSDT
LVVA,USDT,LVVAUSDT
SYS,USDT,SYSUSDT
TEVA,USDT,TEVAUSDT
LEE,USDT,LEEUSDT
COINON,USDT,COINONUSDT
KERNEL,USDC,KERNELUSDC
NYM,USDT,NYMUSDT
SHARDS,USDT,SHARDSUSDT
AVAX,USDT,AVAXUSDT
KITEAI,USDT,KITEAIUSDT
GRAIL,USDT,GRAILUSDT
TJRM,USDT,TJRMUSDT
XWGT,USDT,XWGTUSDT
CAW,USDC,CAWUSDC
CELR,USDT,CELRUSDT
CEEK,USDT,CEEKUSDT
CLASH,USDT,CLASHUSDT
ZK,USDT,ZKUSDT
STAU,USDT,STAUUSDT
SUI,USDT,SUIUSDT
SP,USDT,SPUSDT
PTC,USDT,PTCUSDT
UBERON,USDT,UBERONUSDT
ONI,USDT,ONIUSDT
NEXO,USDT,NEXOUSDT
ADA,USDT,ADAUSDT
AIOT,USDC,AIOTUSDC
PUSS,USDT,PUSSUSDT
CFG,USDT,CFGUSDT
TIX,USDT,TIXUSDT
DOOD,USDT,DOODUSDT
SAPIEN,USDT,SAPIENUSDT
PHYCHAIN,USDT,PHYCHAINUSDT
PEPE,USDC,PEPEUSDC
B3,USDT,B3USDT
ACX,USDT,ACXUSDT
HYPE,USDC,HYPEUSDC
QORPO,USDT,QORPOUSDT
FDUSD,USDT,FDUSDUSDT
HIVE,USDT,HIVEUSDT
SWARMS,USDT,SWARMSUSDT
EAI,USDT,EAIUSDT
NEIROCTO,USDT,NEIROCTOUSDT
BLOCX,USDT,BLOCXUSDT
TAO,USDT,TAOUSDT
OMG,USDT,OMGUSDT
STX,USDT,STXUSDT
ERG,USDT,ERGUSDT
ALE,USDT,ALEUSDT
USDR,USDC,USDRUSDC
PHNIX,USDT,PHNIXUSDT
NEI,USDT,NEIUSDT
HTM,USDT,HTMUSDT
MINX,USDT,MINXUSDT
RECALL,USDC,RECALLUSDC
SNSY,USDT,SNSYUSDT
TAO,USDC,TAOUSDC
DOOD,USDC,DOODUSDC
ACM,USDT,ACMUSDT
MAV,USDT,MAVUSDT
VMINT,USDT,VMINTUSDT
UOMI,USDT,UOMIUSDT
GGC,USDT,GGCUSDT
EUL,USDT,EULUSDT
EPIC,USDT,EPICUSDT
STREAM,USDT,STREAMUSDT
HOSICO,USDT,HOSICOUSDT
LUCK,USDT,LUCKUSDT
USDR,USDT,USDRUSDT
FNCT,USDT,FNCTUSDT
MYX,USDT,MYXUSDT
MOVE,USDT,MOVEUSDT
DOGS,USDT,DOGSUSDT
AERO,USDT,AEROUSDT
BERA,USDT,BERAUSDT
HIPPOP,USDT,HIPPOPUSDT
42,USDT,42USDT
FIL,USDC,FILUSDC
POL,USDT,POLUSDT
NODE,USDT,NODEUSDT
SEI,USDT,SEIUSDT
SWAP,USDT,SWAPUSDT
DVO,USDT,DVOUSDT
FUTURE,USDT,FUTUREUSDT
TRIO,USDT,TRIOUSDT
WHITE,USDT,WHITEUSDT
NEXA,USDT,NEXAUSDT
DEXE,USDT,DEXEUSDT
MBG,USDT,MBGUSDT
P3D,USDT,P3DUSDT
AIC,USDT,AICUSDT
GAINS,USDT,GAINSUSDT
TTN,USDT,TTNUSDT
PLTX,USDT,PLTXUSDT
WBTC,USDT,WBTCUSDT
AURA,USDT,AURAUSDT
TONNY,USDT,TONNYUSDT
SN51,USDT,SN51USDT
METIS,USDT,METISUSDT
LINK,USDT,LINKUSDT
BXX,USDT,BXXUSDT
TICS,USDT,TICSUSDT
RCADE,USDT,RCADEUSDT
SAHARA,USDT,SAHARAUSDT
CMC20,USDT,CMC20USDT
HEI,USDT,HEIUSDT
MANA,USDT,MANAUSDT
USD1,USDT,USD1USDT
MEW,USDT,MEWUSDT
CULTDAO,USDT,CULTDAOUSDT
AAPLX,USDT,AAPLXUSDT
BIT1,USDT,BIT1USDT
PEP,USDT,PEPUSDT
BAX,USDT,BAXUSDT
B,USDT,BUSDT
KASTA,USDT,KASTAUSDT
SCR,USDT,SCRUSDT
LUNCH,USDT,LUNCHUSDT
CHRP,USDT,CHRPUSDT
BOMB,USDT,BOMBUSDT
GRAFI,USDT,GRAFIUSDT
NPC,USDT,NPCUSDT
OTS,USDT,OTSUSDT
COREUM,USDT,COREUMUSDT
OOE,USDT,OOEUSDT
ALGO,USDT,ALGOUSDT
NB,USDT,NBUSDT
ZRC,USDT,ZRCUSDT
GSWIFT,USDT,GSWIFTUSDT
MARSH,USDT,MARSHUSDT
STRM,USDT,STRMUSDT
XPL,USDC,XPLUSDC
ANT,USDT,ANTUSDT
ETAN,USDT,ETANUSDT
SOMI,USDC,SOMIUSDC
CC,USDC,CCUSDC
DEOD,USDT,DEODUSDT
SORAORACLE,USDT,SORAORACLEUSDT
NCN,USDT,NCNUSDT
TOSHI,USDT,TOSHIUSDT
LAYER,USDT,LAYERUSDT
ONT,USDT,ONTUSDT
XIN,USDT,XINUSDT
SWELL,USDT,SWELLUSDT
CRO,USDT,CROUSDT
PIN,USDT,PINUSDT
WING,USDT,WINGUSDT
BLZ,USDT,BLZUSDT
SDB,USDT,SDBUSDT
FLK,USDT,FLKUSDT
SWEAT,USDT,SWEATUSDT
LIVE,USDT,LIVEUSDT
ASSETMINT,USDT,ASSETMINTUSDT
AIW,USDT,AIWUSDT
RTF,USDT,RTFUSDT
PUMPBTC,USDT,PUMPBTCUSDT
NAI,USDT,NAIUSDT
SHIB,USDC,SHIBUSDC
ICP,USDC,ICPUSDC
AVAIL,USDT,AVAILUSDT
MIN,USDT,MINUSDT
TRUMP,USDT,TRUMPUSDT
UBXS,USDT,UBXSUSDT
SATX,USDT,SATXUSDT
IOTX,USDT,IOTXUSDT
ART,USDT,ARTUSDT
BOMB,USDC,BOMBUSDC
MTC,USDT,MTCUSDT
RVN,USDT,RVNUSDT
ICECREAM,USDT,ICECREAMUSDT
LAIKAL2,USDT,LAIKAL2USDT
MGO,USDT,MGOUSDT
TRX,USDT,TRXUSDT
TRADE,USDT,TRADEUSDT
ALI,USDT,ALIUSDT
TOKEN,USDT,TOKENUSDT
SWAR,USDT,SWARUSDT
PBTC,USDT,PBTCUSDT
SRC,USDT,SRCUSDT
HFT,USDT,HFTUSDT
BOS,USDT,BOSUSDT
CIRRCA,USDT,CIRRCAUSDT
THL,USDT,THLUSDT
LOOK,USDT,LOOKUSDT
DCR,USDT,DCRUSDT
CHZ,USDT,CHZUSDT
AT,USDT,ATUSDT
VAI,USDT,VAIUSDT
ARMON,USDT,ARMONUSDT
YB,USDT,YBUSDT
REX,USDT,REXUSDT
RUJI,USDT,RUJIUSDT
CYBER,USDT,CYBERUSDT
TSLAX,USDT,TSLAXUSDT
AIXBT,USDC,AIXBTUSDC
CLO,USDT,CLOUSDT
MAGIC,USDT,MAGICUSDT
POKE,USDT,POKEUSDT
STEPN,USDT,STEPNUSDT
ALVA,USDT,ALVAUSDT
OL,USDT,OLUSDT
AT,USDC,ATUSDC
NEXM,USDT,NEXMUSDT
DBR,USDT,DBRUSDT
ATOM,USDC,ATOMUSDC
ORDER,USDT,ORDERUSDT
UPC,USDT,UPCUSDT
DKT,USDT,DKTUSDT
AITPROTOCOL,USDT,AITPROTOCOLUSDT
ELP,USDT,ELPUSDT
RWAL,USDT,RWALUSDT
BDC,USDT,BDCUSDT
WINR,USDT,WINRUSDT
BICITY,USDT,BICITYUSDT
PUBLIC,USDT,PUBLICUSDT
SOLAMA,USDT,SOLAMAUSDT
SKY,USDT,SKYUSDT
ANITA,USDT,ANITAUSDT
PROS,USDT,PROSUSDT
MINA,USDT,MINAUSDT
MLN,USDT,MLNUSDT
SIN,USDT,SINUSDT
OCTA,USDT,OCTAUSDT
STORM,USDT,STORMUSDT
VRA,USDT,VRAUSDT
CPFC,USDT,CPFCUSDT
DANGNN,USDT,DANGNNUSDT
BULLA,USDT,BULLAUSDT
CATCOIN,USDT,CATCOINUSDT
WNT,USDT,WNTUSDT
SYN,USDT,SYNUSDT
RMV,USDT,RMVUSDT
BG,USDT,BGUSDT
MUMU,USDT,MUMUUSDT
ALEX,USDT,ALEXUSDT
ICBX,USDT,ICBXUSDT
CRTAI,USDT,CRTAIUSDT
COA,USDT,COAUSDT
HAI,USDT,HAIUSDT
MONPRO,USDT,MONPROUSDT
TICO,USDT,TICOUSDT
POPCAT,USDC,POPCATUSDC
CHR,USDT,CHRUSDT
TRAVA,USDT,TRAVAUSDT
S,USDT,SUSDT
ELDE,USDC,ELDEUSDC
MIRA,USDC,MIRAUSDC
SUNRISE,USDT,SUNRISEUSDT
GOOGLX,USDT,GOOGLXUSDT
BKS,USDT,BKSUSDT
TEL,USDT,TELUSDT
PAYAI,USDT,PAYAIUSDT
TRN,USDT,TRNUSDT
NVDAX,USDT,NVDAXUSDT
SHELL,USDT,SHELLUSDT
STABUL,USDT,STABULUSDT
L1,USDT,L1USDT
MMON,USDT,MMONUSDT
FAKT,USDT,FAKTUSDT
WAVES,USDC,WAVESUSDC
AIN,USDT,AINUSDT
CARV,USDT,CARVUSDT
GTAI,USDT,GTAIUSDT
COOKIE,USDT,COOKIEUSDT
MTP,USDT,MTPUSDT
RWA,USDC,RWAUSDC
FYNOR,USDT,FYNORUSDT
HXD,USDT,HXDUSDT
MCDON,USDT,MCDONUSDT
SER,USDT,SERUSDT
SDEX,USDT,SDEXUSDT
CELB,USDT,CELBUSDT
ISP,USDT,ISPUSDT
FACT,USDT,FACTUSDT
EDENA,USDT,EDENAUSDT
ZENT,USDT,ZENTUSDT
PONKE,USDT,PONKEUSDT
BNC,USDT,BNCUSDT
PEAQ,USDT,PEAQUSDT
USTC,USDT,USTCUSDT
SOPH,USDC,SOPHUSDC
BASEDAI,USDT,BASEDAIUSDT
MILLI,USDT,MILLIUSDT
RESOLV,USDT,RESOLVUSDT
TKO,USDT,TKOUSDT
SLAY,USDT,SLAYUSDT
STRIKE,USDT,STRIKEUSDT
WLTH,USDT,WLTHUSDT
BSW,USDT,BSWUSDT
MECO,USDT,MECOUSDT
WNCG,USDT,WNCGUSDT
QBX,USDT,QBXUSDT
CSIX,USDT,CSIXUSDT
PIG,USDT,PIGUSDT
SGT,USDT,SGTUSDT
PNUT,USDC,PNUTUSDC
KATA,USDT,KATAUSDT
ENF,USDT,ENFUSDT
INV,USDT,INVUSDT
FAVE,USDT,FAVEUSDT
A,USDC,AUSDC
VPEPE,USDT,VPEPEUSDT
ZBCN,USDC,ZBCNUSDC
BLOCK,USDT,BLOCKUSDT
FINC,USDT,FINCUSDT
HBAR,USDC,HBARUSDC
SANTOS,USDT,SANTOSUSDT
CAW,USDT,CAWUSDT
AWE,USDT,AWEUSDT
MORI,USDT,MORIUSDT
NAIT,USDT,NAITUSDT
ICP,USDT,ICPUSDT
XEC,USDT,XECUSDT
HEU,USDT,HEUUSDT
FORM,USDT,FORMUSDT
BERT,USDT,BERTUSDT
DCB,USDT,DCBUSDT
ETH,USDC,ETHUSDC
GLQ,USDT,GLQUSDT
KORI,USDT,KORIUSDT
FTN,USDT,FTNUSDT
YZY,USDT,YZYUSDT
PHI,USDT,PHIUSDT
XYO,USDT,XYOUSDT
EDX,USDT,EDXUSDT
SLP,USDT,SLPUSDT
EWT,USDT,EWTUSDT
XP8,USDT,XP8USDT
SQD,USDT,SQDUSDT
ETHW,USDT,ETHWUSDT
LKI,USDT,LKIUSDT
PORTAL,USDT,PORTALUSDT
IXFI,USDT,IXFIUSDT
TOWNS,USDT,TOWNSUSDT
PTB,USDT,PTBUSDT
SRM,USDT,SRMUSDT
NCT,USDT,NCTUSDT
BUTTHOLE,USDC,BUTTHOLEUSDC
DOGE,USDT,DOGEUSDT
WNK,USDT,WNKUSDT
WOLFTON,USDT,WOLFTONUSDT
SQGROW,USDT,SQGROWUSDT
KLV,USDT,KLVUSDT
DREAMCRAFT,USDT,DREAMCRAFTUSDT
WEN,USDT,WENUSDT
CHEQ,USDT,CHEQUSDT
FIRO,USDT,FIROUSDT
KP3R,USDT,KP3RUSDT
SCOTTY,USDT,SCOTTYUSDT
PI,USDT,PIUSDT
SOSO,USDC,SOSOUSDC
4EVER,USDT,4EVERUSDT
YGG,USDT,YGGUSDT
ZIL,USDT,ZILUSDT
ESE,USDT,ESEUSDT
SHIDO,USDT,SHIDOUSDT
TLM,USDT,TLMUSDT
OFN,USDT,OFNUSDT
DRAGON404,USDT,DRAGON404USDT
FITFI,USDT,FITFIUSDT
AGIB,USDT,AGIBUSDT
MAVIA,USDT,MAVIAUSDT
AGLD,USDT,AGLDUSDT
FAI,USDT,FAIUSDT
CHANGE,USDT,CHANGEUSDT
TRU1,USDT,TRU1USDT
SRX,USDT,SRXUSDT
UNP,USDT,UNPUSDT
SAVM,USDT,SAVMUSDT
ESCG,USDT,ESCGUSDT
AVAX,USDC,AVAXUSDC
GXP,USDT,GXPUSDT
APEX,USDT,APEXUSDT
SOGNI,USDT,SOGNIUSDT
ELDE,USDT,ELDEUSDT
QUANTUM,USDT,QUANTUMUSDT
GENOME,USDT,GENOMEUSDT
DYP,USDT,DYPUSDT
DRN,USDT,DRNUSDT
PMX,USDT,PMXUSDT
MYST,USDT,MYSTUSDT
SMART,USDT,SMARTUSDT
SKYA,USDT,SKYAUSDT
ALU,USDT,ALUUSDT
LIFE,USDT,LIFEUSDT
REM,USDT,REMUSDT
MODE,USDT,MODEUSDT
GBNB,USDT,GBNBUSDT
B3TR,USDT,B3TRUSDT
ARPA,USDT,ARPAUSDT
VVV,USDT,VVVUSDT
SMARS,USDT,SMARSUSDT
STOP,USDT,STOPUSDT
VELODROME,USDT,VELODROMEUSDT
PRX,USDT,PRXUSDT
XU3O8,USDT,XU3O8USDT
RPL,USDT,RPLUSDT
DIKO,USDT,DIKOUSDT
MIRA,USDT,MIRAUSDT
MNT,USDC,MNTUSDC
ZKC,USDT,ZKCUSDT
AIO,USDT,AIOUSDT
JYAI,USDT,JYAIUSDT
GRAND,USDT,GRANDUSDT
KMNO,USDT,KMNOUSDT
STRK,USDT,STRKUSDT
RAI,USDT,RAIUSDT
MORE,USDT,MOREUSDT
MA,USDT,MAUSDT
BLOK,USDT,BLOKUSDT
ASTR,USDT,ASTRUSDT
NAORIS,USDT,NAORISUSDT
AAPLON,USDT,AAPLONUSDT
D,USDT,DUSDT
A8,USDT,A8USDT
BELIEVE,USDT,BELIEVEUSDT
RXS,USDT,RXSUSDT
UB,USDT,UBUSDT
BCH,USDT,BCHUSDT
YFI,USDT,YFIUSDT
WOJAKONX,USDT,WOJAKONXUSDT
FLOCK,USDT,FLOCKUSDT
GOMINING,USDT,GOMININGUSDT
XRP,USDT,XRPUSDT
MEER,USDT,MEERUSDT
SENSO,USDT,SENSOUSDT
ARX,USDT,ARXUSDT
FEG,USDT,FEGUSDT
WNXM,USDT,WNXMUSDT
IDEX,USDT,IDEXUSDT
TREAT,USDT,TREATUSDT
DOGINME,USDT,DOGINMEUSDT
FORTUNE,USDT,FORTUNEUSDT
MICRO,USDT,MICROUSDT
DLB,USDT,DLBUSDT
HOLDSTATION,USDT,HOLDSTATIONUSDT
LUNC,USDT,LUNCUSDT
PANDU,USDT,PANDUUSDT
SHOPON,USDT,SHOPONUSDT
VLX,USDT,VLXUSDT
FLM,USDT,FLMUSDT
PEOPLE,USDT,PEOPLEUSDT
AAVE,USDC,AAVEUSDC
ALEPH,USDT,ALEPHUSDT
HOSKY,USDT,HOSKYUSDT
BIOFI,USDT,BIOFIUSDT
TRWA,USDT,TRWAUSDT
POR,USDT,PORUSDT
PUPPIES1,USDT,PUPPIES1USDT
CLANKER,USDT,CLANKERUSDT
RXD,USDT,RXDUSDT
BLESS,USDT,BLESSUSDT
EMR,USDT,EMRUSDT
BERA,USDC,BERAUSDC
VPR,USDT,VPRUSDT
JOHN,USDT,JOHNUSDT
ATLAS,USDT,ATLASUSDT
GBCK,USDT,GBCKUSDT
SGB,USDT,SGBUSDT
SAND,USDT,SANDUSDT
SQT,USDT,SQTUSDT
GIZA,USDT,GIZAUSDT
XPR,USDT,XPRUSDT
PSG,USDT,PSGUSDT
SCOT,USDT,SCOTUSDT
BEAMX,USDT,BEAMXUSDT
KINIC,USDT,KINICUSDT
STAT,USDT,STATUSDT
XMR,USDC,XMRUSDC
NFLXON,USDT,NFLXONUSDT
SUSHI,USDT,SUSHIUSDT
LUNAI,USDT,LUNAIUSDT
VGX,USDT,VGXUSDT
TREE,USDT,TREEUSDT
DOT,USDT,DOTUSDT
CVN,USDT,CVNUSDT
ACNON,USDT,ACNONUSDT
XYM,USDT,XYMUSDT
SOSO,USDT,SOSOUSDT
1MORE,USDT,1MOREUSDT
PIVX,USDT,PIVXUSDT
OBOL,USDT,OBOLUSDT
CAPTAINBNB,USDT,CAPTAINBNBUSDT
SXP,USDT,SXPUSDT
SMURFCAT,USDT,SMURFCATUSDT
KEKIUS,USDC,KEKIUSUSDC
MOODENGETH,USDT,MOODENGETHUSDT
ABEY,USDT,ABEYUSDT
DMCC,USDT,DMCCUSDT
ENA,USDT,ENAUSDT
TUT,USDT,TUTUSDT
MOMO,USDT,MOMOUSDT
HMSTR,USDT,HMSTRUSDT
APT,USDC,APTUSDC
POP,USDT,POPUSDT
KITE,USDT,KITEUSDT
CAU,USDT,CAUUSDT
NEURALINKER,USDT,NEURALINKERUSDT
ZBT,USDC,ZBTUSDC
VRL,USDT,VRLUSDT
KSM,USDT,KSMUSDT
PHY,USDT,PHYUSDT
DOT,USDC,DOTUSDC
GVL,USDT,GVLUSDT
PTH,USDT,PTHUSDT
BABAON,USDT,BABAONUSDT
CRCLX,USDT,CRCLXUSDT
MCDULL,USDT,MCDULLUSDT
TXC,USDT,TXCUSDT
LAI,USDT,LAIUSDT
NOM,USDT,NOMUSDT
MASK,USDT,MASKUSDT
LAK3,USDT,LAK3USDT
IMT,USDT,IMTUSDT
CTF,USDT,CTFUSDT
IRWA,USDT,IRWAUSDT
BCH,USDC,BCHUSDC
SPA,USDT,SPAUSDT
AGT,USDC,AGTUSDC
ID,USDT,IDUSDT
RARE,USDT,RAREUSDT
SOON,USDT,SOONUSDT
HINT,USDT,HINTUSDT
DOLO,USDC,DOLOUSDC
SWFTC,USDT,SWFTCUSDT
KOM,USDT,KOMUSDT
AERGO,USDT,AERGOUSDT
ACH,USDT,ACHUSDT
PX,USDT,PXUSDT
ARRR,USDT,ARRRUSDT
GXT,USDT,GXTUSDT
OG,USDT,OGUSDT
GNS,USDT,GNSUSDT
AUTONOMI,USDT,AUTONOMIUSDT
CCD,USDT,CCDUSDT
NOW,USDT,NOWUSDT
LMTS,USDT,LMTSUSDT
XION,USDT,XIONUSDT
ZEN,USDT,ZENUSDT
QUBIC,USDT,QUBICUSDT
BROCCOLIF3B,USDC,BROCCOLIF3BUSDC
GAIN,USDT,GAINUSDT
APT,USDT,APTUSDT
TRUMP,USDC,TRUMPUSDC
GHUB,USDT,GHUBUSDT
PIPE,USDT,PIPEUSDT
HELI,USDT,HELIUSDT
HANA,USDT,HANAUSDT
REAXA,USDT,REAXAUSDT
CHONKY,USDT,CHONKYUSDT
MET,USDC,METUSDC
JASMY,USDC,JASMYUSDC
DODO,USDT,DODOUSDT
PORK,USDT,PORKUSDT
QUBIC,USDC,QUBICUSDC
RION,USDT,RIONUSDT
LAVA,USDT,LAVAUSDT
TFUEL,USDT,TFUELUSDT
ARBT,USDT,ARBTUSDT
BOOM,USDC,BOOMUSDC
FORTH,USDT,FORTHUSDT
RIZE,USDT,RIZEUSDT
CORE,USDT,COREUSDT
LUCE,USDT,LUCEUSDT
GRASS,USDT,GRASSUSDT
M,USDT,MUSDT
CETUS,USDT,CETUSUSDT
GEOD,USDT,GEODUSDT
NCDT,USDT,NCDTUSDT
ALCH,USDC,ALCHUSDC
ELX,USDT,ELXUSDT
HELLO,USDT,HELLOUSDT
AA,USDT,AAUSDT
OPEN,USDT,OPENUSDT
XEMPIRE,USDT,XEMPIREUSDT
JAGER,USDT,JAGERUSDT
KDX,USDT,KDXUSDT
MNT,USDT,MNTUSDT
ARW,USDT,ARWUSDT
COAI,USDT,COAIUSDT
TPTU,USDT,TPTUUSDT
CWEB,USDT,CWEBUSDT
GGX,USDT,GGXUSDT
SNAI,USDT,SNAIUSDT
ARTY,USDT,ARTYUSDT
EVR,USDT,EVRUSDT
ALPHA,USDT,ALPHAUSDT
PNG,USDT,PNGUSDT
ZETA,USDT,ZETAUSDT
POOH,USDT,POOHUSDT
XPIN,USDT,XPINUSDT
PLTRON,USDT,PLTRONUSDT
NIZA,USDT,NIZAUSDT
CARDS,USDT,CARDSUSDT
NFE,USDT,NFEUSDT
CHEX,USDT,CHEXUSDT
SHIRO,USDT,SHIROUSDT
IMGNAI,USDT,IMGNAIUSDT
DEGENFI,USDT,DEGENFIUSDT
JOYSTREAM,USDT,JOYSTREAMUSDT
SAFE4,USDT,SAFE4USDT
SKL,USDT,SKLUSDT
M87,USDT,M87USDT
BOBO,USDT,BOBOUSDT
GST,USDT,GSTUSDT
XCAD,USDT,XCADUSDT
DCK,USDT,DCKUSDT
XEL,USDT,XELUSDT
LUM,USDT,LUMUSDT
CUDIS,USDT,CUDISUSDT
TCAPY,USDT,TCAPYUSDT
ANIME,USDT,ANIMEUSDT
CHESS,USDT,CHESSUSDT
BRN,USDT,BRNUSDT
BARD,USDT,BARDUSDT
SKX,USDT,SKXUSDT
LQR,USDT,LQRUSDT
HIPPO,USDT,HIPPOUSDT
SKATE,USDC,SKATEUSDC
WIF,USDC,WIFUSDC
SBM,USDT,SBMUSDT
FOGSWAP,USDT,FOGSWAPUSDT
PEPU,USDT,PEPUUSDT
K,USDT,KUSDT
PEN,USDT,PENUSDT
JTO,USDT,JTOUSDT
ARB,USDC,ARBUSDC
PMIND,USDT,PMINDUSDT
1DOLLAR,USDT,1DOLLARUSDT
TUNA,USDT,TUNAUSDT
TWIF,USDT,TWIFUSDT
BABY,USDT,BABYUSDT
SN75,USDT,SN75USDT
AMORE,USDT,AMOREUSDT
AGT,USDT,AGTUSDT
PVT,USDT,PVTUSDT
CERE,USDT,CEREUSDT
COLS,USDT,COLSUSDT
AME,USDT,AMEUSDT
NLINK,USDT,NLINKUSDT
BANK,USDT,BANKUSDT
A2Z,USDT,A2ZUSDT
VANKEDISI,USDT,VANKEDISIUSDT
MORPHO,USDT,MORPHOUSDT
SUP1,USDT,SUP1USDT
MBD,USDT,MBDUSDT
XTZ,USDT,XTZUSDT
XP,USDT,XPUSDT
EVSE,USDT,EVSEUSDT
HAIO,USDT,HAIOUSDT
MELANIA,USDC,MELANIAUSDC
GAIB,USDC,GAIBUSDC
HOLO,USDC,HOLOUSDC
CRCLON,USDT,CRCLONUSDT
ELON,USDT,ELONUSDT
MUBARAK,USDC,MUBARAKUSDC
IRON,USDT,IRONUSDT
DUKO,USDT,DUKOUSDT
HODL,USDT,HODLUSDT
BXE,USDT,BXEUSDT
DYDX,USDT,DYDXUSDT
SUIP,USDT,SUIPUSDT
BLAST,USDT,BLASTUSDT
FIS,USDT,FISUSDT
NAVI,USDT,NAVIUSDT
JAM,USDT,JAMUSDT
SPK,USDT,SPKUSDT
BABY,USDC,BABYUSDC
ERA,USDT,ERAUSDT
LKY,USDT,LKYUSDT
XNY,USDT,XNYUSDT
EVDC,USDT,EVDCUSDT
BLUR,USDT,BLURUSDT
EDU,USDT,EDUUSDT
OM,USDT,OMUSDT
GODS,USDT,GODSUSDT
BEL,USDT,BELUSDT
UT,USDT,UTUSDT
BONE,USDT,BONEUSDT
HONEY,USDT,HONEYUSDT
EMYC,USDT,EMYCUSDT
ONE,USDT,ONEUSDT
ALPINE,USDT,ALPINEUSDT
ES,USDT,ESUSDT
XNL,USDT,XNLUSDT
CBL,USDT,CBLUSDT
NPCS,USDT,NPCSUSDT
RUNE,USDT,RUNEUSDT
XSWAP,USDT,XSWAPUSDT
PENGU,USDC,PENGUUSDC
OMNILABS,USDT,OMNILABSUSDT
AZUR,USDT,AZURUSDT
NIBI,USDT,NIBIUSDT
SVM,USDT,SVMUSDT
GAMEVIRTUAL,USDT,GAMEVIRTUALUSDT
PHB,USDT,PHBUSDT
PRAI,USDC,PRAIUSDC
REACT,USDT,REACTUSDT
GORK,USDT,GORKUSDT
AIPAD,USDT,AIPADUSDT
SVL,USDT,SVLUSDT
CHMPZ,USDT,CHMPZUSDT
TOP,USDT,TOPUSDT
FIGON,USDT,FIGONUSDT
ATLA,USDT,ATLAUSDT
NEON,USDT,NEONUSDT
OPAD,USDT,OPADUSDT
SPELL,USDT,SPELLUSDT
LAIKA,USDT,LAIKAUSDT
HOT,USDT,HOTUSDT
NKN,USDT,NKNUSDT
VELVET,USDT,VELVETUSDT
GOOGLON,USDT,GOOGLONUSDT
CPH,USDT,CPHUSDT
EDGEN,USDT,EDGENUSDT
SAROS,USDT,SAROSUSDT
HEMI,USDT,HEMIUSDT
BOBACAT,USDT,BOBACATUSDT
DSYNC,USDC,DSYNCUSDC
TANSSI,USDT,TANSSIUSDT
BTC2,USDT,BTC2USDT
XCN,USDT,XCNUSDT
PHL,USDT,PHLUSDT
DSYNC,USDT,DSYNCUSDT
LISTA,USDT,LISTAUSDT
TONO,USDC,TONOUSDC
THE,USDT,THEUSDT
NVA,USDT,NVAUSDT
PEIPEI,USDT,PEIPEIUSDT
RDDTON,USDT,RDDTONUSDT
GHST,USDT,GHSTUSDT
BZZ,USDT,BZZUSDT
LOFI,USDT,LOFIUSDT
DMT,USDT,DMTUSDT
AMP,USDT,AMPUSDT
ANON,USDT,ANONUSDT
POLIS,USDT,POLISUSDT
FOLKS,USDT,FOLKSUSDT
MG8,USDT,MG8USDT
VIRTUAL,USDC,VIRTUALUSDC
REDO,USDT,REDOUSDT
ZRX,USDT,ZRXUSDT
ERA,USDC,ERAUSDC
SPARKLET,USDT,SPARKLETUSDT
MASKSOL,USDT,MASKSOLUSDT
BTR,USDC,BTRUSDC
ORDI,USDT,ORDIUSDT
AVL,USDT,AVLUSDT
IRC,USDT,IRCUSDT
SPX,USDC,SPXUSDC
ROOT,USDT,ROOTUSDT
KAITO,USDT,KAITOUSDT
DOLO,USDT,DOLOUSDT
GUI,USDT,GUIUSDT
USDF,USDT,USDFUSDT
CSPR,USDT,CSPRUSDT
ALPH,USDT,ALPHUSDT
HOODX,USDT,HOODXUSDT
CSWAP,USDT,CSWAPUSDT
FB,USDT,FBUSDT
MVRK,USDT,MVRKUSDT
SIGMA,USDT,SIGMAUSDT
NOT,USDT,NOTUSDT
XLAB,USDT,XLABUSDT
CULT,USDT,CULTUSDT
DMC,USDT,DMCUSDT
BBT,USDT,BBTUSDT
SEN,USDC,SENUSDC
BROCCOLIF3B,USDT,BROCCOLIF3BUSDT
FUSE,USDT,FUSEUSDT
BOTIFY,USDT,BOTIFYUSDT
UNFI,USDT,UNFIUSDT
MCDX,USDT,MCDXUSDT
UDAO,USDT,UDAOUSDT
HUMA,USDC,HUMAUSDC
IN,USDT,INUSDT
WCO,USDT,WCOUSDT
DUPE,USDT,DUPEUSDT
SCCP,USDT,SCCPUSDT
STBU,USDT,STBUUSDT
RNT,USDT,RNTUSDT
ARB,USDT,ARBUSDT
XCV,USDT,XCVUSDT
LAT,USDT,LATUSDT
GIGA,USDT,GIGAUSDT
STETH,USDT,STETHUSDT
SVTS,USDT,SVTSUSDT
APR,USDC,APRUSDC
MINIMA,USDT,MINIMAUSDT
AERGO,USDC,AERGOUSDC
TON,USDC,TONUSDC
AIXBT,USDT,AIXBTUSDT
BIRD,USDT,BIRDUSDT
CGN,USDC,CGNUSDC
NRG,USDT,NRGUSDT
ARG,USDT,ARGUSDT
WAL,USDC,WALUSDC
LSD,USDT,LSDUSDT
GFAL,USDT,GFALUSDT
CLV,USDT,CLVUSDT
AION,USDT,AIONUSDT
XVS,USDT,XVSUSDT
EURI,USDT,EURIUSDT
MAON,USDT,MAONUSDT
MIGGLES,USDT,MIGGLESUSDT
MIH,USDT,MIHUSDT
SNIFT,USDT,SNIFTUSDT
PHA,USDT,PHAUSDT
TRIBE,USDT,TRIBEUSDT
FREEDOM,USDT,FREEDOMUSDT
QUICK,USDT,QUICKUSDT
BITBOARD,USDT,BITBOARDUSDT
GOR,USDT,GORUSDT
BUTTHOLE,USDT,BUTTHOLEUSDT
READY,USDT,READYUSDT
EFFECT,USDT,EFFECTUSDT
AVA,USDT,AVAUSDT
GMX,USDT,GMXUSDT
VIVI,USDT,VIVIUSDT
IOST,USDT,IOSTUSDT
TWT,USDT,TWTUSDT
BAS,USDT,BASUSDT
LINEA,USDT,LINEAUSDT
RENQ,USDT,RENQUSDT
SFI,USDT,SFIUSDT
RAD,USDT,RADUSDT
UCOIN,USDT,UCOINUSDT
CYBRO,USDT,CYBROUSDT
FURY,USDT,FURYUSDT
VIA,USDT,VIAUSDT
GOCHU,USDT,GOCHUUSDT
GLMR,USDT,GLMRUSDT
LADYS,USDT,LADYSUSDT
MORE,USDC,MOREUSDC
KAIROS,USDT,KAIROSUSDT
KERNEL,USDT,KERNELUSDT
KOMA,USDT,KOMAUSDT
BGSC,USDT,BGSCUSDT
PING,USDT,PINGUSDT
JSB,USDT,JSBUSDT
ECHO,USDT,ECHOUSDT
ARC,USDT,ARCUSDT
JOJO,USDT,JOJOUSDT
SEAM,USDT,SEAMUSDT
BNB,USDT,BNBUSDT
BANANAS31,USDT,BANANAS31USDT
ZRO,USDT,ZROUSDT
RIF,USDT,RIFUSDT
DORKY,USDT,DORKYUSDT
XAN,USDT,XANUSDT
OIK,USDT,OIKUSDT
ETN,USDT,ETNUSDT
GRIPPY,USDT,GRIPPYUSDT
SILVER,USDT,SILVERUSDT
UPT,USDT,UPTUSDT
NEO1X,USDT,NEO1XUSDT
ULTI,USDT,ULTIUSDT
ARTX,USDT,ARTXUSDT
MPC,USDT,MPCUSDT
MINDHIVE,USDT,MINDHIVEUSDT
GAME2,USDT,GAME2USDT
MNSRY,USDT,MNSRYUSDT
CARR,USDT,CARRUSDT
KARMA,USDT,KARMAUSDT
C98,USDT,C98USDT
LINK,USDC,LINKUSDC
TDS,USDT,TDSUSDT
KLEVA,USDT,KLEVAUSDT
BAD,USDT,BADUSDT
DATASOUL,USDT,DATASOULUSDT
LITAS,USDT,LITASUSDT
WILD,USDT,WILDUSDT
SML,USDT,SMLUSDT
AVAAI,USDT,AVAAIUSDT
ANI,USDT,ANIUSDT
T,USDT,TUSDT
SEN,USDT,SENUSDT
200M,USDT,200MUSDT
YFII,USDT,YFIIUSDT
NWS,USDT,NWSUSDT
HSK,USDT,HSKUSDT
XCX,USDT,XCXUSDT
DIN,USDT,DINUSDT
FLR,USDT,FLRUSDT
BZR,USDT,BZRUSDT
SUBHUB,USDT,SUBHUBUSDT
XCN,USDC,XCNUSDC
ANKR,USDT,ANKRUSDT
CLY,USDT,CLYUSDT
MEME,USDT,MEMEUSDT
TOM,USDT,TOMUSDT
LANDSHARE,USDT,LANDSHAREUSDT
CLEAR,USDT,CLEARUSDT
BOOST,USDT,BOOSTUSDT
GRAMPUS,USDT,GRAMPUSUSDT
BAT,USDT,BATUSDT
ELIX,USDT,ELIXUSDT
STORJ,USDT,STORJUSDT
RISE,USDT,RISEUSDT
SWGT,USDT,SWGTUSDT
PYBOBO,USDT,PYBOBOUSDT
MSQ,USDT,MSQUSDT
FHE,USDT,FHEUSDT
MMUI,USDT,MMUIUSDT
ASTER,USDT,ASTERUSDT
MMT,USDT,MMTUSDT
REVIVE,USDT,REVIVEUSDT
SFUND,USDT,SFUNDUSDT
SOLV,USDT,SOLVUSDT
3ULL,USDT,3ULLUSDT
NXPC,USDT,NXPCUSDT
VARA,USDT,VARAUSDT
POPCAT,USDT,POPCATUSDT
ASTRO,USDT,ASTROUSDT
EXVG,USDT,EXVGUSDT
ENS,USDT,ENSUSDT
STO,USDC,STOUSDC
BSX,USDT,BSXUSDT
ME,USDT,MEUSDT
URANUS,USDT,URANUSUSDT
DGGO,USDT,DGGOUSDT
NXPC,USDC,NXPCUSDC
XFI,USDT,XFIUSDT
CAMP,USDT,CAMPUSDT
LNDX,USDT,LNDXUSDT
CHISAI,USDT,CHISAIUSDT
PYR,USDT,PYRUSDT
COINDEPO,USDT,COINDEPOUSDT
TURBO,USDT,TURBOUSDT
TES,USDT,TESUSDT
TOMI,USDT,TOMIUSDT
SNEK,USDT,SNEKUSDT
IKA,USDT,IKAUSDT
WBAI,USDT,WBAIUSDT
IDOL,USDT,IDOLUSDT
OMI,USDC,OMIUSDC
OPT,USDT,OPTUSDT
哈基米,USDT,哈基米USDT
ACQ,USDT,ACQUSDT
USELESS,USDC,USELESSUSDC
SPON,USDT,SPONUSDT
GURU,USDT,GURUUSDT
BMT,USDT,BMTUSDT
ZEREBRO,USDT,ZEREBROUSDT
PLAI,USDT,PLAIUSDT
QRL,USDT,QRLUSDT
NOBODY,USDT,NOBODYUSDT
OPUL,USDT,OPULUSDT
EFC,USDT,EFCUSDT
ASRR,USDT,ASRRUSDT
APU,USDT,APUUSDT
PROMPT,USDC,PROMPTUSDC
MOONPIG,USDT,MOONPIGUSDT
BCUT,USDT,BCUTUSDT
PGPT,USDT,PGPTUSDT
BST,USDT,BSTUSDT
CTK,USDT,CTKUSDT
ON,USDT,ONUSDT
YU,USDT,YUUSDT
OVL,USDT,OVLUSDT
CHILLHOUSE,USDT,CHILLHOUSEUSDT
CTP,USDT,CTPUSDT
OFT,USDT,OFTUSDT
ACT,USDT,ACTUSDT
DL,USDT,DLUSDT
INTER,USDT,INTERUSDT
HOUSE,USDT,HOUSEUSDT
GOHOME,USDT,GOHOMEUSDT
UNHON,USDT,UNHONUSDT
KULA,USDT,KULAUSDT
JELLYJELLY,USDT,JELLYJELLYUSDT
TSMON,USDT,TSMONUSDT
TSUKA,USDT,TSUKAUSDT
BDP,USDT,BDPUSDT
RBNT,USDT,RBNTUSDT
UFD,USDT,UFDUSDT
BLESS,USDC,BLESSUSDC
TRISIG,USDT,TRISIGUSDT
GMEE,USDT,GMEEUSDT
BABYDOGE,USDC,BABYDOGEUSDC
SPCFIN,USDT,SPCFINUSDT
KEYCAT,USDT,KEYCATUSDT
SOULS,USDT,SOULSUSDT
XDC,USDC,XDCUSDC
XPL,USDT,XPLUSDT
ARMY,USDT,ARMYUSDT
MOCA,USDT,MOCAUSDT
BULLS,USDT,BULLSUSDT
ATOM,USDT,ATOMUSDT
HTX,USDT,HTXUSDT
KFI,USDT,KFIUSDT
XNAP,USDT,XNAPUSDT
LA,USDT,LAUSDT
XAI,USDT,XAIUSDT
KZEN,USDT,KZENUSDT
RAIN,USDT,RAINUSDT
CC,USDT,CCUSDT
KISHU,USDT,KISHUUSDT
RARE,USDC,RAREUSDC
QCOMON,USDT,QCOMONUSDT
COCA,USDT,COCAUSDT
SOPHIA,USDT,SOPHIAUSDT
PERP,USDT,PERPUSDT
MCOIN,USDT,MCOINUSDT
ENS,USDC,ENSUSDC
BLENDR,USDT,BLENDRUSDT
BXN,USDT,BXNUSDT
BSU,USDT,BSUUSDT
TOWER,USDT,TOWERUSDT
AI,USDT,AIUSDT
RWD,USDT,RWDUSDT
TON,USDT,TONUSDT
WHITE,USDC,WHITEUSDC
KTA,USDT,KTAUSDT
VET,USDT,VETUSDT
UNICE,USDT,UNICEUSDT
BEAT,USDT,BEATUSDT
TRC,USDT,TRCUSDT
ADBEON,USDT,ADBEONUSDT
ULTIMA,USDC,ULTIMAUSDC
OCT,USDT,OCTUSDT
CBK,USDT,CBKUSDT
ZCX,USDT,ZCXUSDT
TREE,USDC,TREEUSDC
REEF,USDT,REEFUSDT
B2,USDC,B2USDC
MX,USDC,MXUSDC
PSTAKE,USDT,PSTAKEUSDT
WUSD,USDT,WUSDUSDT
MFUN,USDT,MFUNUSDT
SLF,USDT,SLFUSDT
MOODENG,USDT,MOODENGUSDT
ETC,USDT,ETCUSDT
GHX,USDT,GHXUSDT
GMMT,USDT,GMMTUSDT
SAC,USDT,SACUSDT
USDP,USDT,USDPUSDT
LIQUIDIUM,USDT,LIQUIDIUMUSDT
H,USDT,HUSDT
SOH,USDT,SOHUSDT
HUMA,USDT,HUMAUSDT
DEP,USDT,DEPUSDT
AITV,USDT,AITVUSDT
VIRTUAL,USDT,VIRTUALUSDT
BOBMEME,USDT,BOBMEMEUSDT
WMTX,USDT,WMTXUSDT
AZERO,USDT,AZEROUSDT
TRILLIONS,USDT,TRILLIONSUSDT
STBL,USDT,STBLUSDT
CSCOON,USDT,CSCOONUSDT
EPILEPTIC,USDT,EPILEPTICUSDT
GALA,USDT,GALAUSDT
WEMIX,USDT,WEMIXUSDT
ACH,USDC,ACHUSDC
CNDY,USDT,CNDYUSDT
SCF,USDT,SCFUSDT
SPYX,USDT,SPYXUSDT
BTCBAM,USDT,BTCBAMUSDT
PEPE2,USDT,PEPE2USDT
LITR,USDT,LITRUSDT
CORL,USDT,CORLUSDT
STUFF,USDT,STUFFUSDT
RACA,USDT,RACAUSDT
WOD,USDT,WODUSDT
DREAMS,USDT,DREAMSUSDT
HUMP,USDT,HUMPUSDT
MTV,USDT,MTVUSDT
MNTC,USDT,MNTCUSDT
PROPC,USDT,PROPCUSDT
RFC,USDC,RFCUSDC
SOON,USDC,SOONUSDC
KEKIUS,USDT,KEKIUSUSDT
PIEVERSE,USDT,PIEVERSEUSDT
MOTHER,USDT,MOTHERUSDT
ETH,USDT,ETHUSDT
CXT,USDT,CXTUSDT
ILV,USDT,ILVUSDT
WLD,USDT,WLDUSDT
JCT,USDT,JCTUSDT
RVV,USDT,RVVUSDT
STOS,USDT,STOSUSDT
ZEPH,USDT,ZEPHUSDT
LUCKY,USDT,LUCKYUSDT
AVIAH,USDT,AVIAHUSDT
SSV,USDT,SSVUSDT
RC,USDT,RCUSDT
WELSH,USDT,WELSHUSDT
AMZNON,USDT,AMZNONUSDT
TRUF,USDT,TRUFUSDT
TLF,USDT,TLFUSDT
FUN,USDT,FUNUSDT
ALLO,USDC,ALLOUSDC
KGEN,USDT,KGENUSDT
AGI,USDT,AGIUSDT
FTT,USDT,FTTUSDT
AEVO,USDT,AEVOUSDT
QUACK,USDT,QUACKUSDT
RHEA,USDT,RHEAUSDT
WNZ,USDT,WNZUSDT
HYPER,USDT,HYPERUSDT
SAHARA,USDC,SAHARAUSDC
WAXL,USDT,WAXLUSDT
SLING,USDT,SLINGUSDT
KIBSHI,USDT,KIBSHIUSDT
NEIRO,USDT,NEIROUSDT
XLM,USDT,XLMUSDT
CAT,USDT,CATUSDT
OLAS,USDT,OLASUSDT
MBP,USDT,MBPUSDT
ORCA,USDT,ORCAUSDT
MOBY,USDT,MOBYUSDT
CALCIFY,USDT,CALCIFYUSDT
OORT,USDT,OORTUSDT
SUPRA,USDC,SUPRAUSDC
PEAQ,USDC,PEAQUSDC
USDM,USDT,USDMUSDT
AEA,USDT,AEAUSDT
ART,USDC,ARTUSDC
GROK,USDT,GROKUSDT
MCN,USDT,MCNUSDT
XLM,USDC,XLMUSDC
KRL,USDT,KRLUSDT
LUFC,USDT,LUFCUSDT
TTM,USDT,TTMUSDT
FGPT,USDT,FGPTUSDT
BENQI,USDT,BENQIUSDT
CORAL,USDT,CORALUSDT
KANGO,USDT,KANGOUSDT
CAP,USDT,CAPUSDT
SOLAXY,USDT,SOLAXYUSDT
REN,USDT,RENUSDT
LETSBONK,USDT,LETSBONKUSDT
AAVE,USDT,AAVEUSDT
LBTC,USDT,LBTCUSDT
LVLY,USDT,LVLYUSDT
AST,USDT,ASTUSDT
ROVR,USDT,ROVRUSDT
PLAYSOLANA,USDT,PLAYSOLANAUSDT
REDX,USDT,REDXUSDT
HEGE,USDT,HEGEUSDT
ABEL,USDT,ABELUSDT
CREPE,USDT,CREPEUSDT
CHEEMS,USDT,CHEEMSUSDT
TIBBIR,USDT,TIBBIRUSDT
C,USDT,CUSDT
BFT,USDT,BFTUSDT
COOK,USDT,COOKUSDT
GUN,USDC,GUNUSDC
PAW,USDT,PAWUSDT
WAI,USDT,WAIUSDT
FXS,USDT,FXSUSDT
OP,USDT,OPUSDT
PALM,USDT,PALMUSDT
CATNIP,USDT,CATNIPUSDT
U2U,USDT,U2UUSDT
AIX,USDT,AIXUSDT
BOOM,USDT,BOOMUSDT
W,USDT,WUSDT
TADA,USDT,TADAUSDT
RABI,USDT,RABIUSDT
POLS,USDT,POLSUSDT
SPK,USDC,SPKUSDC
ALTLAYER,USDT,ALTLAYERUSDT
SLERF,USDT,SLERFUSDT
MOLE,USDT,MOLEUSDT
SMT,USDT,SMTUSDT
TRAC,USDT,TRACUSDT
HEART,USDT,HEARTUSDT
TAP,USDT,TAPUSDT
SRDS,USDT,SRDSUSDT
MLT,USDT,MLTUSDT
SOLO,USDT,SOLOUSDT
SOIL,USDT,SOILUSDT
VERT,USDT,VERTUSDT
KAS,USDT,KASUSDT
DOGEGOV,USDT,DOGEGOVUSDT
ZND,USDT,ZNDUSDT
EURR,USDT,EURRUSDT
MCRT,USDT,MCRTUSDT
CTC,USDT,CTCUSDT
PUNDIAI,USDT,PUNDIAIUSDT
DUSK,USDT,DUSKUSDT
PUMPBTC,USDC,PUMPBTCUSDC
DGMA,USDT,DGMAUSDT
ALICE,USDT,ALICEUSDT
AARK,USDT,AARKUSDT
ONDO,USDC,ONDOUSDC
PUFFER,USDT,PUFFERUSDT
CVX,USDT,CVXUSDT
DFYN,USDT,DFYNUSDT
FARTCOIN,USDT,FARTCOINUSDT
PEPECOIN,USDT,PEPECOINUSDT
BAR,USDT,BARUSDT
ZKP,USDT,ZKPUSDT
CROS,USDT,CROSUSDT
HARRY,USDT,HARRYUSDT
TRVL,USDT,TRVLUSDT
MANYU,USDT,MANYUUSDT
AUKI,USDT,AUKIUSDT
TNK,USDT,TNKUSDT
CAKE,USDT,CAKEUSDT
CTA,USDT,CTAUSDT
1R0R,USDT,1R0RUSDT
SAGA,USDT,SAGAUSDT
USUAL,USDT,USUALUSDT
MICHI,USDT,MICHIUSDT
POND,USDT,PONDUSDT
LAZIO,USDT,LAZIOUSDT
LUMI,USDT,LUMIUSDT
BTY,USDT,BTYUSDT
NUTX,USDT,NUTXUSDT
MAGATRUMP,USDT,MAGATRUMPUSDT
BKN,USDC,BKNUSDC
WOJAK,USDT,WOJAKUSDT
ETHFI,USDT,ETHFIUSDT
JASMY,USDT,JASMYUSDT
NXRA,USDT,NXRAUSDT
NEAR,USDT,NEARUSDT
WKC,USDT,WKCUSDT
DGRAM,USDT,DGRAMUSDT
POLYX,USDT,POLYXUSDT
SOL,USDC,SOLUSDC
GRT,USDT,GRTUSDT
SAUCE,USDT,SAUCEUSDT
USDUC,USDT,USDUCUSDT
LNQ,USDT,LNQUSDT
IMO,USDT,IMOUSDT
CHO,USDT,CHOUSDT
DDMT,USDT,DDMTUSDT
AREA,USDT,AREAUSDT
KREST,USDT,KRESTUSDT
NEWT,USDT,NEWTUSDT
GATA,USDT,GATAUSDT
PROVE,USDT,PROVEUSDT
RWAINC,USDT,RWAINCUSDT
VVAIFU,USDT,VVAIFUUSDT
WXT,USDT,WXTUSDT
USELESS,USDT,USELESSUSDT
AKITA,USDT,AKITAUSDT
PAID,USDT,PAIDUSDT
OMI,USDT,OMIUSDT
STARL,USDT,STARLUSDT
BMT,USDC,BMTUSDC
XEN,USDC,XENUSDC
LXY,USDT,LXYUSDT
SYNT,USDT,SYNTUSDT
KILO,USDT,KILOUSDT
GINI,USDT,GINIUSDT
NC,USDT,NCUSDT
FOG,USDT,FOGUSDT
SPYON,USDT,SPYONUSDT
MXSOL,USDT,MXSOLUSDT
VINE,USDT,VINEUSDT
LYP,USDT,LYPUSDT
SUGAR,USDT,SUGARUSDT
ABX,USDT,ABXUSDT
QQQON,USDT,QQQONUSDT
OSMO,USDT,OSMOUSDT
KLS,USDT,KLSUSDT
NETX,USDT,NETXUSDT
BRISE,USDT,BRISEUSDT
2Z,USDT,2ZUSDT
AZIT,USDT,AZITUSDT
SEIYAN,USDT,SEIYANUSDT
HOPR,USDT,HOPRUSDT
NEAR,USDC,NEARUSDC
ABNBON,USDT,ABNBONUSDT
BARD,USDC,BARDUSDC
WAL,USDT,WALUSDT
KAIA,USDT,KAIAUSDT
DEGO,USDT,DEGOUSDT
ODOS,USDT,ODOSUSDT
ASI,USDT,ASIUSDT
FET,USDC,FETUSDC
RON,USDT,RONUSDT
NIL,USDT,NILUSDT
DYNA,USDT,DYNAUSDT
PORTO,USDT,PORTOUSDT
MENGO,USDT,MENGOUSDT
MTRG,USDT,MTRGUSDT
WAFFLES,USDT,WAFFLESUSDT
PROVE,USDC,PROVEUSDC
BEAM,USDT,BEAMUSDT
ROAR,USDT,ROARUSDT
ELK,USDT,ELKUSDT
CES,USDT,CESUSDT
OBOL,USDC,OBOLUSDC
NFP,USDT,NFPUSDT
SLC,USDT,SLCUSDT
KAVA,USDT,KAVAUSDT
MAS,USDT,MASUSDT
STARHEROES,USDT,STARHEROESUSDT
UMA,USDT,UMAUSDT
BANK,USDC,BANKUSDC
IDLETRADEX,USDT,IDLETRADEXUSDT
PDA,USDT,PDAUSDT
AOP,USDT,AOPUSDT
BTCMT,USDT,BTCMTUSDT
BONK,USDT,BONKUSDT
PORT3,USDT,PORT3USDT
ALTHEA,USDT,ALTHEAUSDT
PLUME,USDC,PLUMEUSDC
REI,USDT,REIUSDT
QTUM,USDT,QTUMUSDT
SIGN,USDC,SIGNUSDC
HUND,USDT,HUNDUSDT
SERAPH,USDC,SERAPHUSDC
XELS,USDT,XELSUSDT
FLOW,USDT,FLOWUSDT
MEMEFI,USDT,MEMEFIUSDT
AEGIS,USDT,AEGISUSDT
NUB,USDT,NUBUSDT
CLGO,USDT,CLGOUSDT
RIZ,USDT,RIZUSDT
RED,USDC,REDUSDC
BIGTIME,USDT,BIGTIMEUSDT
ZEAL,USDT,ZEALUSDT
MINA,USDC,MINAUSDC
BSV,USDT,BSVUSDT
AITECH,USDT,AITECHUSDT
SXCH,USDT,SXCHUSDT
ANLOG,USDT,ANLOGUSDT
QAI,USDT,QAIUSDT
QUAI,USDT,QUAIUSDT
1INCH,USDT,1INCHUSDT
LBAI,USDT,LBAIUSDT
LL,USDT,LLUSDT
MXNA,USDT,MXNAUSDT
CRV,USDC,CRVUSDC
BDXN,USDT,BDXNUSDT
AIA,USDT,AIAUSDT
AURASOL,USDT,AURASOLUSDT
GFI,USDT,GFIUSDT
AZERO,USDC,AZEROUSDC
1DOLLAR,USDC,1DOLLARUSDC
WAVES,USDT,WAVESUSDT
PIT,USDT,PITUSDT
PIXEL,USDT,PIXELUSDT
币安人生,USDT,币安人生USDT
DPENGU,USDT,DPENGUUSDT
OP,USDC,OPUSDC
DYM,USDT,DYMUSDT
XRPH,USDT,XRPHUSDT
ADA,USDC,ADAUSDC
BLUE,USDT,BLUEUSDT
AIMONICA,USDT,AIMONICAUSDT
AIOT,USDT,AIOTUSDT
SUT,USDT,SUTUSDT
BLUB,USDT,BLUBUSDT
SHX,USDT,SHXUSDT
DEGEN,USDT,DEGENUSDT
CPOOL,USDT,CPOOLUSDT
EVAA,USDT,EVAAUSDT
RDNT,USDT,RDNTUSDT
SERSH,USDT,SERSHUSDT
ARK,USDT,ARKUSDT
ANTY,USDT,ANTYUSDT
TERRA,USDT,TERRAUSDT
FF,USDT,FFUSDT
RFC,USDT,RFCUSDT
AUR,USDT,AURUSDT
BABYDOGE,USDT,BABYDOGEUSDT
BUM,USDT,BUMUSDT
GMEON,USDT,GMEONUSDT
NEWT,USDC,NEWTUSDC
ANYONE,USDT,ANYONEUSDT
ALCH,USDT,ALCHUSDT
NAV,USDT,NAVUSDT
OXT,USDT,OXTUSDT
LEVER,USDT,LEVERUSDT
MRSOON,USDT,MRSOONUSDT
TCOM,USDT,TCOMUSDT
AGRO,USDT,AGROUSDT
ASTERINU,USDT,ASTERINUUSDT
TAIX,USDT,TAIXUSDT
MLC,USDT,MLCUSDT
NMR,USDT,NMRUSDT
VERDRA,USDT,VERDRAUSDT
ATH,USDT,ATHUSDT
XR,USDT,XRUSDT
PAL,USDT,PALUSDT
ASTRA,USDT,ASTRAUSDT
PRCL,USDT,PRCLUSDT
DCT,USDT,DCTUSDT
LEOX,USDT,LEOXUSDT
FWOG,USDT,FWOGUSDT
ALGO,USDC,ALGOUSDC
LBTC,USDC,LBTCUSDC
MFT,USDT,MFTUSDT
XCHNG,USDT,XCHNGUSDT
BABYBNB,USDT,BABYBNBUSDT
PUSH,USDT,PUSHUSDT
DOGE,USDC,DOGEUSDC
XRPC,USDT,XRPCUSDT
CGPT,USDT,CGPTUSDT
YBR,USDT,YBRUSDT
TRT,USDT,TRTUSDT
ARCSOL,USDT,ARCSOLUSDT
PEEZY,USDT,PEEZYUSDT
STEEM,USDT,STEEMUSDT
FAND,USDT,FANDUSDT
MAIGA,USDT,MAIGAUSDT
HGG,USDT,HGGUSDT
NLS,USDT,NLSUSDT
XVG,USDT,XVGUSDT
SLIM,USDT,SLIMUSDT
KNINE,USDT,KNINEUSDT
SCARCITY,USDT,SCARCITYUSDT
ZORA,USDT,ZORAUSDT
ZBCN,USDT,ZBCNUSDT
VR,USDT,VRUSDT
COMMON,USDT,COMMONUSDT
REZ,USDT,REZUSDT
CESS,USDT,CESSUSDT
ITHACA,USDT,ITHACAUSDT
LCG,USDT,LCGUSDT
CLS,USDT,CLSUSDT
HILO,USDT,HILOUSDT
FLY,USDT,FLYUSDT
PRTG,USDT,PRTGUSDT
ASTROS,USDT,ASTROSUSDT
SNX,USDT,SNXUSDT
GRIFFAIN,USDC,GRIFFAINUSDC
CHECK,USDT,CHECKUSDT
USDC,USDT,USDCUSDT
COTI,USDT,COTIUSDT
GAIB,USDT,GAIBUSDT
VLR,USDT,VLRUSDT
XDAG,USDT,XDAGUSDT
ADIX,USDT,ADIXUSDT
MIU,USDT,MIUUSDT
5IRE,USDT,5IREUSDT
ARTFI,USDT,ARTFIUSDT
FARTLESS,USDT,FARTLESSUSDT
KAITO,USDC,KAITOUSDC
CRED,USDT,CREDUSDT
NIM,USDT,NIMUSDT
ORBIO,USDT,ORBIOUSDT
SLX,USDT,SLXUSDT
VFARM,USDT,VFARMUSDT
GEAR,USDT,GEARUSDT
JOLT,USDT,JOLTUSDT
UDS,USDT,UDSUSDT
DUEL,USDT,DUELUSDT
TNSR,USDT,TNSRUSDT
BB,USDT,BBUSDT
EDGE,USDT,EDGEUSDT
OMNOM,USDT,OMNOMUSDT
RDAC,USDT,RDACUSDT
TALENT,USDT,TALENTUSDT
APFC,USDT,APFCUSDT
APEPE,USDT,APEPEUSDT
GPTON,USDT,GPTONUSDT
PLB,USDT,PLBUSDT
GNO,USDT,GNOUSDT
FUSD,USDT,FUSDUSDT
LEARN,USDT,LEARNUSDT
BDCA,USDT,BDCAUSDT
HOPPY,USDT,HOPPYUSDT
BNRY,USDT,BNRYUSDT
CREO,USDT,CREOUSDT
MAMO,USDT,MAMOUSDT
ZKWASM,USDT,ZKWASMUSDT
SKI,USDT,SKIUSDT
OBT,USDT,OBTUSDT
KITE,USDC,KITEUSDC
KARRAT,USDT,KARRATUSDT
KILO,USDC,KILOUSDC
SHIB,USDT,SHIBUSDT
FIT,USDT,FITUSDT
LOBO,USDT,LOBOUSDT
ZBT,USDT,ZBTUSDT
PROM,USDT,PROMUSDT
OMAX,USDT,OMAXUSDT
SERAPH,USDT,SERAPHUSDT
XRP,USDC,XRPUSDC
DOG,USDT,DOGUSDT
SOONX,USDT,SOONXUSDT
NUM,USDT,NUMUSDT
PLN,USDT,PLNUSDT
SOMI,USDT,SOMIUSDT
AI3,USDT,AI3USDT
TOWNS,USDC,TOWNSUSDC
SPARK,USDT,SPARKUSDT
COMP,USDT,COMPUSDT
ONG,USDT,ONGUSDT
HOME,USDT,HOMEUSDT
SONIC,USDT,SONICUSDT
NEWM,USDT,NEWMUSDT
FREEZONE,USDT,FREEZONEUSDT
PNUT,USDT,PNUTUSDT
ZETRIX,USDT,ZETRIXUSDT
REKTCOIN,USDT,REKTCOINUSDT
DAO,USDT,DAOUSDT
LMWR,USDT,LMWRUSDT
STG,USDT,STGUSDT
RENDER,USDT,RENDERUSDT
WEB3D,USDT,WEB3DUSDT
COLLAT,USDT,COLLATUSDT
PEPON,USDT,PEPONUSDT
DANTE,USDT,DANTEUSDT
RBNT,USDC,RBNTUSDC
TA,USDT,TAUSDT
OZONE,USDT,OZONEUSDT
GALEON,USDT,GALEONUSDT
FARTCOIN,USDC,FARTCOINUSDC
FIDA,USDT,FIDAUSDT
LIKE,USDT,LIKEUSDT
STO,USDT,STOUSDT
API3,USDT,API3USDT
SHADOW,USDT,SHADOWUSDT
CHZ,USDC,CHZUSDC
XCH,USDT,XCHUSDT
ROUTE,USDT,ROUTEUSDT
XNA,USDT,XNAUSDT
MRLN,USDT,MRLNUSDT
MONIE,USDT,MONIEUSDT
SPACE,USDT,SPACEUSDT
CLOUD,USDT,CLOUDUSDT
VIC,USDT,VICUSDT
OKB,USDT,OKBUSDT
SHARKCAT,USDT,SHARKCATUSDT
RATS,USDT,RATSUSDT
FUTUON,USDT,FUTUONUSDT
ARI,USDT,ARIUSDT
VSC,USDT,VSCUSDT
INDEX,USDT,INDEXUSDT
XAUT,USDT,XAUTUSDT
EXS,USDT,EXSUSDT
BIST,USDT,BISTUSDT
QNT,USDT,QNTUSDT
VENOM,USDT,VENOMUSDT
BTSLR,USDT,BTSLRUSDT
MINDFAK,USDT,MINDFAKUSDT
COW,USDT,COWUSDT
CITY,USDT,CITYUSDT
FUNSOL,USDT,FUNSOLUSDT
ASM,USDT,ASMUSDT
BRL,USDT,BRLUSDT
EYWA,USDT,EYWAUSDT
AFC,USDT,AFCUSDT
RIVER,USDT,RIVERUSDT
MY,USDT,MYUSDT
AAST,USDT,AASTUSDT
HNT,USDT,HNTUSDT
BLUAI,USDT,BLUAIUSDT
HMND,USDT,HMNDUSDT
LINGO,USDC,LINGOUSDC
CYPR,USDT,CYPRUSDT
POKT,USDT,POKTUSDT
P,USDT,PUSDT
AXS,USDT,AXSUSDT
INTCON,USDT,INTCONUSDT
ATS,USDT,ATSUSDT
SPOTON,USDT,SPOTONUSDT
DCD,USDT,DCDUSDT
DAG,USDT,DAGUSDT
BTG,USDT,BTGUSDT
TST,USDT,TSTUSDT
BROCCOLI,USDT,BROCCOLIUSDT
NXT,USDT,NXTUSDT
NMT,USDT,NMTUSDT
GAMESTOP,USDT,GAMESTOPUSDT
LIGHT,USDT,LIGHTUSDT
KMD,USDT,KMDUSDT
KASPY,USDT,KASPYUSDT
OBICOIN,USDT,OBICOINUSDT
COINX,USDT,COINXUSDT
RED,USDT,REDUSDT
AB,USDT,ABUSDT
LFT,USDT,LFTUSDT
INIT,USDT,INITUSDT
PHT,USDT,PHTUSDT
BCCOIN,USDT,BCCOINUSDT
FNST,USDT,FNSTUSDT
SD,USDT,SDUSDT
TAKE,USDT,TAKEUSDT
XEP,USDT,XEPUSDT
MILK,USDT,MILKUSDT
AMDON,USDT,AMDONUSDT
MOCHI,USDT,MOCHIUSDT
TRUU,USDT,TRUUUSDT
PENDLE,USDT,PENDLEUSDT
OGPU,USDT,OGPUUSDT
LIF3,USDT,LIF3USDT
LA,USDC,LAUSDC
JOC,USDT,JOCUSDT
MEX,USDT,MEXUSDT
LBM,USDT,LBMUSDT
MAN,USDT,MANUSDT
MEE,USDT,MEEUSDT
EFLOKI,USDT,EFLOKIUSDT
UNI,USDC,UNIUSDC
SPX,USDT,SPXUSDT
CEL,USDT,CELUSDT
LQTY,USDT,LQTYUSDT
BID,USDT,BIDUSDT
SWTCH,USDT,SWTCHUSDT
NVDAON,USDT,NVDAONUSDT
SAUBER,USDT,SAUBERUSDT
MASA,USDT,MASAUSDT
PARTI,USDC,PARTIUSDC
FARM,USDT,FARMUSDT
QGOV,USDT,QGOVUSDT
ZANO,USDT,ZANOUSDT
AINETWORK,USDT,AINETWORKUSDT
LOGX,USDT,LOGXUSDT
SNFT,USDT,SNFTUSDT
XUSD,USDT,XUSDUSDT
TRUST,USDT,TRUSTUSDT
MOBILE,USDT,MOBILEUSDT
CRETA,USDT,CRETAUSDT
ESPORTS,USDT,ESPORTSUSDT
AVICI,USDT,AVICIUSDT
LIME,USDT,LIMEUSDT
FOXSY,USDT,FOXSYUSDT
ANDYETH,USDT,ANDYETHUSDT
HEMI,USDC,HEMIUSDC
TARA,USDT,TARAUSDT
ICENETWORK,USDT,ICENETWORKUSDT
MEY,USDT,MEYUSDT
C,USDC,CUSDC
JUV,USDT,JUVUSDT
FHE,USDC,FHEUSDC
ICT,USDT,ICTUSDT
SILO,USDT,SILOUSDT
EPT,USDC,EPTUSDC
PLAY,USDT,PLAYUSDT
FLUID,USDT,FLUIDUSDT
GAU,USDT,GAUUSDT
MAGAETH,USDT,MAGAETHUSDT
GTC,USDT,GTCUSDT
MBL,USDT,MBLUSDT
FET,USDT,FETUSDT
SPEC,USDT,SPECUSDT
KONG,USDT,KONGUSDT
GIGGLE,USDT,GIGGLEUSDT
PENGU,USDT,PENGUUSDT
LUNAM,USDT,LUNAMUSDT
YNE,USDT,YNEUSDT
PINGPONG,USDT,PINGPONGUSDT
BTC,USDC,BTCUSDC
PROPS,USDT,PROPSUSDT
AVT,USDT,AVTUSDT
NATIX,USDT,NATIXUSDT
SCPT,USDT,SCPTUSDT
AKI,USDT,AKIUSDT
UNIBOT,USDT,UNIBOTUSDT
DAI,USDT,DAIUSDT
HAM,USDT,HAMUSDT
MOVR,USDT,MOVRUSDT
WCT,USDT,WCTUSDT
OGY,USDT,OGYUSDT
XOXO,USDT,XOXOUSDT
GLUTEU,USDT,GLUTEUUSDT
BADGER,USDT,BADGERUSDT
DIONE,USDT,DIONEUSDT
CKEC,USDT,CKECUSDT
WIF,USDT,WIFUSDT
PROMPT,USDT,PROMPTUSDT
AIT,USDT,AITUSDT
PMT,USDT,PMTUSDT
DADDY,USDT,DADDYUSDT
LYN,USDT,LYNUSDT
NEXSAY,USDT,NEXSAYUSDT
MET,USDT,METUSDT
BOBA,USDT,BOBAUSDT
AEROBUD,USDT,AEROBUDUSDT
PRO,USDT,PROUSDT
IMX,USDT,IMXUSDT
SUPRA,USDT,SUPRAUSDT
FAKEAI,USDT,FAKEAIUSDT
GAIA,USDT,GAIAUSDT
WOLF,USDT,WOLFUSDT
LLYON,USDT,LLYONUSDT
IP,USDC,IPUSDC
PRICELESS,USDT,PRICELESSUSDT
DTEC,USDT,DTECUSDT
XRD,USDT,XRDUSDT
SVN,USDT,SVNUSDT
MYRIA,USDT,MYRIAUSDT
NST,USDT,NSTUSDT
SFP,USDT,SFPUSDT
HGPT,USDT,HGPTUSDT
OTK,USDT,OTKUSDT
FUEL,USDT,FUELUSDT
KCS,USDT,KCSUSDT
PRAI,USDT,PRAIUSDT
RYO,USDT,RYOUSDT
PEPPER,USDT,PEPPERUSDT
GAG,USDT,GAGUSDT
KAR,USDT,KARUSDT
BLUM,USDC,BLUMUSDC
OVPP,USDT,OVPPUSDT
SUMMIT,USDT,SUMMITUSDT
HOOK,USDT,HOOKUSDT
HASHAI,USDT,HASHAIUSDT
DEFACTOR,USDT,DEFACTORUSDT
FLK,USDC,FLKUSDC
SHARKS,USDT,SHARKSUSDT
NDC,USDT,NDCUSDT
ACA,USDT,ACAUSDT
NULLORA,USDT,NULLORAUSDT
RIO,USDC,RIOUSDC
XO,USDT,XOUSDT
ARKM,USDT,ARKMUSDT
PBX,USDT,PBXUSDT
EL,USDT,ELUSDT
ACE,USDT,ACEUSDT
XMN,USDT,XMNUSDT
NIGELLA,USDT,NIGELLAUSDT
LOOKS,USDT,LOOKSUSDT
F,USDT,FUSDT
MAJOR,USDT,MAJORUSDT
LAB,USDT,LABUSDT
VES,USDT,VESUSDT
LOCK,USDT,LOCKUSDT
LITKEY,USDT,LITKEYUSDT
PALU,USDT,PALUUSDT
LLD,USDT,LLDUSDT
WAXP,USDT,WAXPUSDT
FTT,USDC,FTTUSDC
SC,USDT,SCUSDT
VINU,USDT,VINUUSDT
SUKU,USDT,SUKUUSDT
THINK,USDT,THINKUSDT
VMC,USDT,VMCUSDT
IXT,USDT,IXTUSDT
SAI,USDT,SAIUSDT
CRU,USDT,CRUUSDT
SIGN,USDT,SIGNUSDT
ZBU,USDT,ZBUUSDT
XDB,USDT,XDBUSDT
MANTA,USDT,MANTAUSDT
CORN,USDT,CORNUSDT
ZLW,USDT,ZLWUSDT
VOW,USDT,VOWUSDT
EAT,USDT,EATUSDT
HOME,USDC,HOMEUSDC
EXO,USDT,EXOUSDT
BOOE,USDT,BOOEUSDT
FOX,USDT,FOXUSDT
CAMP,USDC,CAMPUSDC
RSC,USDT,RSCUSDT
USDD,USDT,USDDUSDT
BXBT,USDT,BXBTUSDT
YOLO,USDT,YOLOUSDT
NIL,USDC,NILUSDC
SIDUS,USDT,SIDUSUSDT
CHAT,USDT,CHATUSDT
LOOP,USDT,LOOPUSDT
TRU,USDT,TRUUSDT
ROSE,USDT,ROSEUSDT
SFIN,USDT,SFINUSDT
WSDM,USDT,WSDMUSDT
DIAM,USDT,DIAMUSDT
PIB,USDT,PIBUSDT
GAI,USDT,GAIUSDT
BTS,USDT,BTSUSDT
JOE,USDT,JOEUSDT
MEMHASH,USDT,MEMHASHUSDT
FIL,USDT,FILUSDT
SUNDOG,USDT,SUNDOGUSDT
BULLISH,USDT,BULLISHUSDT
ASTER,USDC,ASTERUSDC
CSIGMA,USDT,CSIGMAUSDT
TAIKO,USDT,TAIKOUSDT
HIGH,USDT,HIGHUSDT
BCOIN,USDT,BCOINUSDT
BKN,USDT,BKNUSDT
ZF,USDT,ZFUSDT
OOBIT,USDT,OOBITUSDT
MUBARAK,USDT,MUBARAKUSDT
GPU,USDT,GPUUSDT
CKB,USDT,CKBUSDT
PIGGY,USDT,PIGGYUSDT
LUNC,USDC,LUNCUSDC
FRAG,USDT,FRAGUSDT
MAD,USDT,MADUSDT
UNI,USDT,UNIUSDT
ZCHF,USDT,ZCHFUSDT
OSAK,USDT,OSAKUSDT
RAIIN,USDT,RAIINUSDT
KMA,USDT,KMAUSDT
EPT,USDT,EPTUSDT
SNOWON,USDT,SNOWONUSDT
APPON,USDT,APPONUSDT
METAON,USDT,METAONUSDT
GXE,USDT,GXEUSDT
ESX,USDT,ESXUSDT
YURU,USDT,YURUUSDT
KAS,USDC,KASUSDC
PAI,USDT,PAIUSDT
RSS3,USDT,RSS3USDT
BGB,USDT,BGBUSDT
GAME,USDT,GAMEUSDT
ABBC,USDT,ABBCUSDT
BOME,USDT,BOMEUSDT
JUICY,USDT,JUICYUSDT
KILT,USDT,KILTUSDT
METANIA,USDT,METANIAUSDT
PI,USDC,PIUSDC
OGN,USDT,OGNUSDT
ES,USDC,ESUSDC
YACHT,USDT,YACHTUSDT
SPCM,USDT,SPCMUSDT
UXLINK,USDT,UXLINKUSDT
0G,USDT,0GUSDT
HDN,USDT,HDNUSDT
DOP2,USDT,DOP2USDT
LINGO,USDT,LINGOUSDT
X,USDT,XUSDT
A47,USDT,A47USDT
CHIRP,USDT,CHIRPUSDT
MYRO,USDT,MYROUSDT
GVNR,USDT,GVNRUSDT
5SCAPE,USDT,5SCAPEUSDT
MILK,USDC,MILKUSDC
BTC,USDT,BTCUSDT
BCN,USDT,BCNUSDT
ZIG,USDT,ZIGUSDT
67,USDT,67USDT
HMT,USDT,HMTUSDT
GUN,USDT,GUNUSDT
VTHO,USDT,VTHOUSDT
FRED,USDT,FREDUSDT
ZORA,USDC,ZORAUSDC
客服小何,USDT,客服小何USDT
CA,USDT,CAUSDT
ZEC,USDT,ZECUSDT
STRAWBERRYAI,USDT,STRAWBERRYAIUSDT
ASTRAAI,USDT,ASTRAAIUSDT
IAI,USDT,IAIUSDT
UBU,USDT,UBUUSDT
DNX,USDT,DNXUSDT
NEXAIPHONE,USDT,NEXAIPHONEUSDT
COG,USDT,COGUSDT
SEND,USDT,SENDUSDT
SDM,USDT,SDMUSDT
B2,USDT,B2USDT
SUNCAT,USDT,SUNCATUSDT
WELF,USDT,WELFUSDT
ZEUS,USDT,ZEUSUSDT
ATT,USDT,ATTUSDT
OPEN,USDC,OPENUSDC
BRIC,USDT,BRICUSDT
BFLOKI,USDT,BFLOKIUSDT
AUCTION,USDT,AUCTIONUSDT
JST,USDT,JSTUSDT
CELL,USDT,CELLUSDT
TIA,USDT,TIAUSDT
USDE,USDT,USDEUSDT
MEA,USDT,MEAUSDT
INDY,USDT,INDYUSDT
VOLT,USDT,VOLTUSDT
VANRY,USDT,VANRYUSDT
VFY,USDT,VFYUSDT
BFI,USDT,BFIUSDT
GORILLABSC,USDT,GORILLABSCUSDT
TRADOOR,USDT,TRADOORUSDT
WBT,USDT,WBTUSDT
QKC,USDT,QKCUSDT
OVR,USDT,OVRUSDT
SOLVEX,USDT,SOLVEXUSDT
LYX,USDT,LYXUSDT
0G,USDC,0GUSDC
PUMP,USDT,PUMPUSDT
REAL,USDT,REALUSDT
HOODON,USDT,HOODONUSDT
TAC,USDT,TACUSDT
XAVA,USDT,XAVAUSDT
SNS,USDT,SNSUSDT
BABY4,USDT,BABY4USDT
TAI,USDT,TAIUSDT
ABTON,USDT,ABTONUSDT
WEXO,USDC,WEXOUSDC
DUCK,USDT,DUCKUSDT
無為,USDT,無為USDT
DMAIL,USDT,DMAILUSDT
SAMO,USDT,SAMOUSDT
AKE,USDT,AKEUSDT
RAY,USDC,RAYUSDC
GME,USDT,GMEUSDT
GRAM,USDT,GRAMUSDT
SWCH,USDT,SWCHUSDT
ALLO,USDT,ALLOUSDT
RWA,USDT,RWAUSDT
A,USDT,AUSDT
HVLO,USDT,HVLOUSDT
FLUXAI,USDT,FLUXAIUSDT
WAGMIGAMES,USDT,WAGMIGAMESUSDT
PELL,USDC,PELLUSDC
ELF,USDT,ELFUSDT
AZEN,USDT,AZENUSDT
XCL,USDT,XCLUSDT
G,USDT,GUSDT
WLFI,USDC,WLFIUSDC
MSTRON,USDT,MSTRONUSDT
LUMIA,USDT,LUMIAUSDT
BVG,USDT,BVGUSDT
COQ,USDT,COQUSDT
CTXC,USDT,CTXCUSDT
PHOTO,USDT,PHOTOUSDT
PZP,USDT,PZPUSDT
RIO,USDT,RIOUSDT
RECALL,USDT,RECALLUSDT
XTER,USDT,XTERUSDT
MEMESAI,USDT,MEMESAIUSDT
MOONPIG,USDC,MOONPIGUSDC
LDO,USDT,LDOUSDT
TPT,USDT,TPTUSDT
SHM,USDT,SHMUSDT
DINGO,USDT,DINGOUSDT
TUSD,USDT,TUSDUSDT
SKATE,USDT,SKATEUSDT
PECH,USDT,PECHUSDT
VAMEON,USDT,VAMEONUSDT
CGPT,USDC,CGPTUSDC
STAR,USDT,STARUSDT
ZERO,USDT,ZEROUSDT
HYDRA,USDT,HYDRAUSDT
OPTIMUS,USDT,OPTIMUSUSDT
NAKA,USDT,NAKAUSDT
KOLZ,USDT,KOLZUSDT
WOO,USDT,WOOUSDT
TTCOIN,USDT,TTCOINUSDT
ULA,USDT,ULAUSDT
FLOKI,USDT,FLOKIUSDT
OPNODE,USDT,OPNODEUSDT
PAXG,USDT,PAXGUSDT
MSFTON,USDT,MSFTONUSDT
AMI,USDT,AMIUSDT
FARTBOY,USDT,FARTBOYUSDT
MATH,USDT,MATHUSDT
MX,USDT,MXUSDT
NUMI,USDT,NUMIUSDT
CGN,USDT,CGNUSDT
AGRS,USDT,AGRSUSDT
YALA,USDT,YALAUSDT
APE,USDC,APEUSDC
QDX,USDT,QDXUSDT
KAIA,USDC,KAIAUSDC
NRN,USDT,NRNUSDT
DRIFT,USDT,DRIFTUSDT
GCB,USDT,GCBUSDT
IDOL,USDC,IDOLUSDC
KNC,USDT,KNCUSDT
ML,USDT,MLUSDT
FIR,USDT,FIRUSDT
SUI,USDC,SUIUSDC
BANANA,USDT,BANANAUSDT
APTM,USDT,APTMUSDT
NEO,USDT,NEOUSDT
DEEP,USDT,DEEPUSDT
VANA,USDT,VANAUSDT
CFX,USDT,CFXUSDT
NEIROETH,USDT,NEIROETHUSDT
DRAMA,USDT,DRAMAUSDT
VERSEWORLD,USDT,VERSEWORLDUSDT
NOMOX,USDT,NOMOXUSDT
CROSS,USDT,CROSSUSDT
EGLD,USDT,EGLDUSDT
LWOLF,USDT,LWOLFUSDT
INJ,USDC,INJUSDC
CLORE,USDT,CLOREUSDT
WIN,USDT,WINUSDT
RUNWAGO,USDT,RUNWAGOUSDT
BRIDGE,USDT,BRIDGEUSDT
BTT,USDT,BTTUSDT
TRUVIA,USDT,TRUVIAUSDT
TIT,USDT,TITUSDT
DUST,USDT,DUSTUSDT
SCA,USDT,SCAUSDT
MEGALAND,USDT,MEGALANDUSDT
WQUIL,USDT,WQUILUSDT
AP3X,USDT,AP3XUSDT
JETTON,USDT,JETTONUSDT
LTC,USDT,LTCUSDT
VON,USDT,VONUSDT
HOLO,USDT,HOLOUSDT
MBX,USDT,MBXUSDT
MYX,USDC,MYXUSDC
XYRO,USDT,XYROUSDT
BCE,USDT,BCEUSDT
PART,USDT,PARTUSDT
AIXDROP,USDT,AIXDROPUSDT
AICE,USDT,AICEUSDT
CELO,USDT,CELOUSDT
INI,USDT,INIUSDT
UPO,USDT,UPOUSDT
BOT,USDT,BOTUSDT
PARTI,USDT,PARTIUSDT
COT,USDT,COTUSDT
BRETTETH,USDT,BRETTETHUSDT
SUN,USDT,SUNUSDT
HAEDAL,USDT,HAEDALUSDT
IOTA,USDT,IOTAUSDT
AXM,USDT,AXMUSDT
MIRROR,USDT,MIRRORUSDT
TET,USDT,TETUSDT
RJV,USDT,RJVUSDT
XDC,USDT,XDCUSDT
BELUGA,USDT,BELUGAUSDT
LRC,USDT,LRCUSDT
HYPE,USDT,HYPEUSDT
MBOX,USDT,MBOXUSDT
IP,USDT,IPUSDT
LOT,USDC,LOTUSDC
BELLS,USDT,BELLSUSDT
EDEN,USDT,EDENUSDT
SOVRN,USDT,SOVRNUSDT
APP,USDT,APPUSDT
SACHI,USDT,SACHIUSDT
MNDE,USDT,MNDEUSDT
ZKC,USDC,ZKCUSDC
RAI,USDC,RAIUSDC
BNB,USDC,BNBUSDC
SENTIS,USDT,SENTISUSDT
龙LONG,USDT,龙LONGUSDT
ICNT,USDT,ICNTUSDT
TURTLE,USDT,TURTLEUSDT
DMTR,USDT,DMTRUSDT
AIPO,USDT,AIPOUSDT
ENSO,USDT,ENSOUSDT
PAXI,USDT,PAXIUSDT
SAFE,USDT,SAFEUSDT
PLUME,USDT,PLUMEUSDT
CNG,USDT,CNGUSDT
DASH,USDT,DASHUSDT
HWAVE,USDT,HWAVEUSDT
BABYBONK,USDT,BABYBONKUSDT
AVNT,USDT,AVNTUSDT
PACK,USDT,PACKUSDT
KOIN,USDT,KOINUSDT
OAS,USDT,OASUSDT
SKORAI,USDT,SKORAIUSDT
OZO,USDT,OZOUSDT
NTH,USDT,NTHUSDT
4,USDT,4USDT
TORN,USDT,TORNUSDT
ENJ,USDT,ENJUSDT
LRDS,USDT,LRDSUSDT
FLT,USDT,FLTUSDT
AURORA,USDT,AURORAUSDT
DEAI,USDT,DEAIUSDT
INC,USDT,INCUSDT
SXT,USDC,SXTUSDC
VULPEFI,USDT,VULPEFIUSDT
KIMA,USDT,KIMAUSDT
LUNA,USDT,LUNAUSDT
APR,USDT,APRUSDT
BOTTO,USDT,BOTTOUSDT
GEMS,USDT,GEMSUSDT
ASMLON,USDT,ASMLONUSDT
HYPER,USDC,HYPERUSDC
ORT,USDT,ORTUSDT
ULTIMA,USDT,ULTIMAUSDT
FLDT,USDT,FLDTUSDT
SPLD,USDT,SPLDUSDT
